x	y	showSelected1
0.287577520124614	0.204876690043591	1
0.287577520124614	0.204876690043591	2
0.788305135443807	0.166880148876728	2
0.287577520124614	0.204876690043591	3
0.788305135443807	0.166880148876728	3
0.4089769218117	0.241714799237127	3
0.287577520124614	0.204876690043591	4
0.788305135443807	0.166880148876728	4
0.4089769218117	0.241714799237127	4
0.883017404004931	0.103297668229323	4
0.287577520124614	0.204876690043591	5
0.788305135443807	0.166880148876728	5
0.4089769218117	0.241714799237127	5
0.883017404004931	0.103297668229323	5
0.940467284293845	0.0559885714668049	5
0.287577520124614	0.204876690043591	6
0.788305135443807	0.166880148876728	6
0.4089769218117	0.241714799237127	6
0.883017404004931	0.103297668229323	6
0.940467284293845	0.0559885714668049	6
0.0455564993899316	0.0434811047532667	6
0.287577520124614	0.204876690043591	7
0.788305135443807	0.166880148876728	7
0.4089769218117	0.241714799237127	7
0.883017404004931	0.103297668229323	7
0.940467284293845	0.0559885714668049	7
0.0455564993899316	0.0434811047532667	7
0.528105488047004	0.24921008154164	7
0.287577520124614	0.204876690043591	8
0.788305135443807	0.166880148876728	8
0.4089769218117	0.241714799237127	8
0.883017404004931	0.103297668229323	8
0.940467284293845	0.0559885714668049	8
0.0455564993899316	0.0434811047532667	8
0.528105488047004	0.24921008154164	8
0.892419044394046	0.0960072935968637	8
0.287577520124614	0.204876690043591	9
0.788305135443807	0.166880148876728	9
0.4089769218117	0.241714799237127	9
0.883017404004931	0.103297668229323	9
0.940467284293845	0.0559885714668049	9
0.0455564993899316	0.0434811047532667	9
0.528105488047004	0.24921008154164	9
0.892419044394046	0.0960072935968637	9
0.551435014465824	0.247354439286901	9
0.287577520124614	0.204876690043591	10
0.788305135443807	0.166880148876728	10
0.4089769218117	0.241714799237127	10
0.883017404004931	0.103297668229323	10
0.940467284293845	0.0559885714668049	10
0.0455564993899316	0.0434811047532667	10
0.528105488047004	0.24921008154164	10
0.892419044394046	0.0960072935968637	10
0.551435014465824	0.247354439286901	10
0.456614735303447	0.24811771880721	10
0.287577520124614	0.204876690043591	11
0.788305135443807	0.166880148876728	11
0.4089769218117	0.241714799237127	11
0.883017404004931	0.103297668229323	11
0.940467284293845	0.0559885714668049	11
0.0455564993899316	0.0434811047532667	11
0.528105488047004	0.24921008154164	11
0.892419044394046	0.0960072935968637	11
0.551435014465824	0.247354439286901	11
0.456614735303447	0.24811771880721	11
0.956833345349878	0.041303294576439	11
0.287577520124614	0.204876690043591	12
0.788305135443807	0.166880148876728	12
0.4089769218117	0.241714799237127	12
0.883017404004931	0.103297668229323	12
0.940467284293845	0.0559885714668049	12
0.0455564993899316	0.0434811047532667	12
0.528105488047004	0.24921008154164	12
0.892419044394046	0.0960072935968637	12
0.551435014465824	0.247354439286901	12
0.456614735303447	0.24811771880721	12
0.956833345349878	0.041303294576439	12
0.453334156190977	0.247822299021592	12
0.287577520124614	0.204876690043591	13
0.788305135443807	0.166880148876728	13
0.4089769218117	0.241714799237127	13
0.883017404004931	0.103297668229323	13
0.940467284293845	0.0559885714668049	13
0.0455564993899316	0.0434811047532667	13
0.528105488047004	0.24921008154164	13
0.892419044394046	0.0960072935968637	13
0.551435014465824	0.247354439286901	13
0.456614735303447	0.24811771880721	13
0.956833345349878	0.041303294576439	13
0.453334156190977	0.247822299021592	13
0.677570635452867	0.218468669424865	13
0.287577520124614	0.204876690043591	14
0.788305135443807	0.166880148876728	14
0.4089769218117	0.241714799237127	14
0.883017404004931	0.103297668229323	14
0.940467284293845	0.0559885714668049	14
0.0455564993899316	0.0434811047532667	14
0.528105488047004	0.24921008154164	14
0.892419044394046	0.0960072935968637	14
0.551435014465824	0.247354439286901	14
0.456614735303447	0.24811771880721	14
0.956833345349878	0.041303294576439	14
0.453334156190977	0.247822299021592	14
0.677570635452867	0.218468669424865	14
0.572633401956409	0.244724388920239	14
0.287577520124614	0.204876690043591	15
0.788305135443807	0.166880148876728	15
0.4089769218117	0.241714799237127	15
0.883017404004931	0.103297668229323	15
0.940467284293845	0.0559885714668049	15
0.0455564993899316	0.0434811047532667	15
0.528105488047004	0.24921008154164	15
0.892419044394046	0.0960072935968637	15
0.551435014465824	0.247354439286901	15
0.456614735303447	0.24811771880721	15
0.956833345349878	0.041303294576439	15
0.453334156190977	0.247822299021592	15
0.677570635452867	0.218468669424865	15
0.572633401956409	0.244724388920239	15
0.102924682665616	0.0923311923637985	15
0.287577520124614	0.204876690043591	16
0.788305135443807	0.166880148876728	16
0.4089769218117	0.241714799237127	16
0.883017404004931	0.103297668229323	16
0.940467284293845	0.0559885714668049	16
0.0455564993899316	0.0434811047532667	16
0.528105488047004	0.24921008154164	16
0.892419044394046	0.0960072935968637	16
0.551435014465824	0.247354439286901	16
0.456614735303447	0.24811771880721	16
0.956833345349878	0.041303294576439	16
0.453334156190977	0.247822299021592	16
0.677570635452867	0.218468669424865	16
0.572633401956409	0.244724388920239	16
0.102924682665616	0.0923311923637985	16
0.899824970401824	0.090139993043181	16
0.287577520124614	0.204876690043591	17
0.788305135443807	0.166880148876728	17
0.4089769218117	0.241714799237127	17
0.883017404004931	0.103297668229323	17
0.940467284293845	0.0559885714668049	17
0.0455564993899316	0.0434811047532667	17
0.528105488047004	0.24921008154164	17
0.892419044394046	0.0960072935968637	17
0.551435014465824	0.247354439286901	17
0.456614735303447	0.24811771880721	17
0.956833345349878	0.041303294576439	17
0.453334156190977	0.247822299021592	17
0.677570635452867	0.218468669424865	17
0.572633401956409	0.244724388920239	17
0.102924682665616	0.0923311923637985	17
0.899824970401824	0.090139993043181	17
0.24608773435466	0.18552856135485	17
0.287577520124614	0.204876690043591	18
0.788305135443807	0.166880148876728	18
0.4089769218117	0.241714799237127	18
0.883017404004931	0.103297668229323	18
0.940467284293845	0.0559885714668049	18
0.0455564993899316	0.0434811047532667	18
0.528105488047004	0.24921008154164	18
0.892419044394046	0.0960072935968637	18
0.551435014465824	0.247354439286901	18
0.456614735303447	0.24811771880721	18
0.956833345349878	0.041303294576439	18
0.453334156190977	0.247822299021592	18
0.677570635452867	0.218468669424865	18
0.572633401956409	0.244724388920239	18
0.102924682665616	0.0923311923637985	18
0.899824970401824	0.090139993043181	18
0.24608773435466	0.18552856135485	18
0.0420595335308462	0.0402905291700139	18
0.287577520124614	0.204876690043591	19
0.788305135443807	0.166880148876728	19
0.4089769218117	0.241714799237127	19
0.883017404004931	0.103297668229323	19
0.940467284293845	0.0559885714668049	19
0.0455564993899316	0.0434811047532667	19
0.528105488047004	0.24921008154164	19
0.892419044394046	0.0960072935968637	19
0.551435014465824	0.247354439286901	19
0.456614735303447	0.24811771880721	19
0.956833345349878	0.041303294576439	19
0.453334156190977	0.247822299021592	19
0.677570635452867	0.218468669424865	19
0.572633401956409	0.244724388920239	19
0.102924682665616	0.0923311923637985	19
0.899824970401824	0.090139993043181	19
0.24608773435466	0.18552856135485	19
0.0420595335308462	0.0402905291700139	19
0.327920719282702	0.220388721147817	19
0.287577520124614	0.204876690043591	20
0.788305135443807	0.166880148876728	20
0.4089769218117	0.241714799237127	20
0.883017404004931	0.103297668229323	20
0.940467284293845	0.0559885714668049	20
0.0455564993899316	0.0434811047532667	20
0.528105488047004	0.24921008154164	20
0.892419044394046	0.0960072935968637	20
0.551435014465824	0.247354439286901	20
0.456614735303447	0.24811771880721	20
0.956833345349878	0.041303294576439	20
0.453334156190977	0.247822299021592	20
0.677570635452867	0.218468669424865	20
0.572633401956409	0.244724388920239	20
0.102924682665616	0.0923311923637985	20
0.899824970401824	0.090139993043181	20
0.24608773435466	0.18552856135485	20
0.0420595335308462	0.0402905291700139	20
0.327920719282702	0.220388721147817	20
0.954503649147227	0.043426432911854	20
0.287577520124614	0.204876690043591	21
0.788305135443807	0.166880148876728	21
0.4089769218117	0.241714799237127	21
0.883017404004931	0.103297668229323	21
0.940467284293845	0.0559885714668049	21
0.0455564993899316	0.0434811047532667	21
0.528105488047004	0.24921008154164	21
0.892419044394046	0.0960072935968637	21
0.551435014465824	0.247354439286901	21
0.456614735303447	0.24811771880721	21
0.956833345349878	0.041303294576439	21
0.453334156190977	0.247822299021592	21
0.677570635452867	0.218468669424865	21
0.572633401956409	0.244724388920239	21
0.102924682665616	0.0923311923637985	21
0.899824970401824	0.090139993043181	21
0.24608773435466	0.18552856135485	21
0.0420595335308462	0.0402905291700139	21
0.327920719282702	0.220388721147817	21
0.954503649147227	0.043426432911854	21
0.889539316063747	0.0982591212405883	21
0.287577520124614	0.204876690043591	22
0.788305135443807	0.166880148876728	22
0.4089769218117	0.241714799237127	22
0.883017404004931	0.103297668229323	22
0.940467284293845	0.0559885714668049	22
0.0455564993899316	0.0434811047532667	22
0.528105488047004	0.24921008154164	22
0.892419044394046	0.0960072935968637	22
0.551435014465824	0.247354439286901	22
0.456614735303447	0.24811771880721	22
0.956833345349878	0.041303294576439	22
0.453334156190977	0.247822299021592	22
0.677570635452867	0.218468669424865	22
0.572633401956409	0.244724388920239	22
0.102924682665616	0.0923311923637985	22
0.899824970401824	0.090139993043181	22
0.24608773435466	0.18552856135485	22
0.0420595335308462	0.0402905291700139	22
0.327920719282702	0.220388721147817	22
0.954503649147227	0.043426432911854	22
0.889539316063747	0.0982591212405883	22
0.6928034061566	0.212826846574413	22
0.287577520124614	0.204876690043591	23
0.788305135443807	0.166880148876728	23
0.4089769218117	0.241714799237127	23
0.883017404004931	0.103297668229323	23
0.940467284293845	0.0559885714668049	23
0.0455564993899316	0.0434811047532667	23
0.528105488047004	0.24921008154164	23
0.892419044394046	0.0960072935968637	23
0.551435014465824	0.247354439286901	23
0.456614735303447	0.24811771880721	23
0.956833345349878	0.041303294576439	23
0.453334156190977	0.247822299021592	23
0.677570635452867	0.218468669424865	23
0.572633401956409	0.244724388920239	23
0.102924682665616	0.0923311923637985	23
0.899824970401824	0.090139993043181	23
0.24608773435466	0.18552856135485	23
0.0420595335308462	0.0402905291700139	23
0.327920719282702	0.220388721147817	23
0.954503649147227	0.043426432911854	23
0.889539316063747	0.0982591212405883	23
0.6928034061566	0.212826846574413	23
0.640506813768297	0.230257835284681	23
0.287577520124614	0.204876690043591	24
0.788305135443807	0.166880148876728	24
0.4089769218117	0.241714799237127	24
0.883017404004931	0.103297668229323	24
0.940467284293845	0.0559885714668049	24
0.0455564993899316	0.0434811047532667	24
0.528105488047004	0.24921008154164	24
0.892419044394046	0.0960072935968637	24
0.551435014465824	0.247354439286901	24
0.456614735303447	0.24811771880721	24
0.956833345349878	0.041303294576439	24
0.453334156190977	0.247822299021592	24
0.677570635452867	0.218468669424865	24
0.572633401956409	0.244724388920239	24
0.102924682665616	0.0923311923637985	24
0.899824970401824	0.090139993043181	24
0.24608773435466	0.18552856135485	24
0.0420595335308462	0.0402905291700139	24
0.327920719282702	0.220388721147817	24
0.954503649147227	0.043426432911854	24
0.889539316063747	0.0982591212405883	24
0.6928034061566	0.212826846574413	24
0.640506813768297	0.230257835284681	24
0.994269776623696	0.00569738791636154	24
0.287577520124614	0.204876690043591	25
0.788305135443807	0.166880148876728	25
0.4089769218117	0.241714799237127	25
0.883017404004931	0.103297668229323	25
0.940467284293845	0.0559885714668049	25
0.0455564993899316	0.0434811047532667	25
0.528105488047004	0.24921008154164	25
0.892419044394046	0.0960072935968637	25
0.551435014465824	0.247354439286901	25
0.456614735303447	0.24811771880721	25
0.956833345349878	0.041303294576439	25
0.453334156190977	0.247822299021592	25
0.677570635452867	0.218468669424865	25
0.572633401956409	0.244724388920239	25
0.102924682665616	0.0923311923637985	25
0.899824970401824	0.090139993043181	25
0.24608773435466	0.18552856135485	25
0.0420595335308462	0.0402905291700139	25
0.327920719282702	0.220388721147817	25
0.954503649147227	0.043426432911854	25
0.889539316063747	0.0982591212405883	25
0.6928034061566	0.212826846574413	25
0.640506813768297	0.230257835284681	25
0.994269776623696	0.00569738791636154	25
0.655705799115822	0.225755704121703	25
0.287577520124614	0.204876690043591	26
0.788305135443807	0.166880148876728	26
0.4089769218117	0.241714799237127	26
0.883017404004931	0.103297668229323	26
0.940467284293845	0.0559885714668049	26
0.0455564993899316	0.0434811047532667	26
0.528105488047004	0.24921008154164	26
0.892419044394046	0.0960072935968637	26
0.551435014465824	0.247354439286901	26
0.456614735303447	0.24811771880721	26
0.956833345349878	0.041303294576439	26
0.453334156190977	0.247822299021592	26
0.677570635452867	0.218468669424865	26
0.572633401956409	0.244724388920239	26
0.102924682665616	0.0923311923637985	26
0.899824970401824	0.090139993043181	26
0.24608773435466	0.18552856135485	26
0.0420595335308462	0.0402905291700139	26
0.327920719282702	0.220388721147817	26
0.954503649147227	0.043426432911854	26
0.889539316063747	0.0982591212405883	26
0.6928034061566	0.212826846574413	26
0.640506813768297	0.230257835284681	26
0.994269776623696	0.00569738791636154	26
0.655705799115822	0.225755704121703	26
0.708530468167737	0.206515043845744	26
0.287577520124614	0.204876690043591	27
0.788305135443807	0.166880148876728	27
0.4089769218117	0.241714799237127	27
0.883017404004931	0.103297668229323	27
0.940467284293845	0.0559885714668049	27
0.0455564993899316	0.0434811047532667	27
0.528105488047004	0.24921008154164	27
0.892419044394046	0.0960072935968637	27
0.551435014465824	0.247354439286901	27
0.456614735303447	0.24811771880721	27
0.956833345349878	0.041303294576439	27
0.453334156190977	0.247822299021592	27
0.677570635452867	0.218468669424865	27
0.572633401956409	0.244724388920239	27
0.102924682665616	0.0923311923637985	27
0.899824970401824	0.090139993043181	27
0.24608773435466	0.18552856135485	27
0.0420595335308462	0.0402905291700139	27
0.327920719282702	0.220388721147817	27
0.954503649147227	0.043426432911854	27
0.889539316063747	0.0982591212405883	27
0.6928034061566	0.212826846574413	27
0.640506813768297	0.230257835284681	27
0.994269776623696	0.00569738791636154	27
0.655705799115822	0.225755704121703	27
0.708530468167737	0.206515043845744	27
0.544066024711356	0.248058185466138	27
0.287577520124614	0.204876690043591	28
0.788305135443807	0.166880148876728	28
0.4089769218117	0.241714799237127	28
0.883017404004931	0.103297668229323	28
0.940467284293845	0.0559885714668049	28
0.0455564993899316	0.0434811047532667	28
0.528105488047004	0.24921008154164	28
0.892419044394046	0.0960072935968637	28
0.551435014465824	0.247354439286901	28
0.456614735303447	0.24811771880721	28
0.956833345349878	0.041303294576439	28
0.453334156190977	0.247822299021592	28
0.677570635452867	0.218468669424865	28
0.572633401956409	0.244724388920239	28
0.102924682665616	0.0923311923637985	28
0.899824970401824	0.090139993043181	28
0.24608773435466	0.18552856135485	28
0.0420595335308462	0.0402905291700139	28
0.327920719282702	0.220388721147817	28
0.954503649147227	0.043426432911854	28
0.889539316063747	0.0982591212405883	28
0.6928034061566	0.212826846574413	28
0.640506813768297	0.230257835284681	28
0.994269776623696	0.00569738791636154	28
0.655705799115822	0.225755704121703	28
0.708530468167737	0.206515043845744	28
0.544066024711356	0.248058185466138	28
0.59414202044718	0.241137279986123	28
0.287577520124614	0.204876690043591	29
0.788305135443807	0.166880148876728	29
0.4089769218117	0.241714799237127	29
0.883017404004931	0.103297668229323	29
0.940467284293845	0.0559885714668049	29
0.0455564993899316	0.0434811047532667	29
0.528105488047004	0.24921008154164	29
0.892419044394046	0.0960072935968637	29
0.551435014465824	0.247354439286901	29
0.456614735303447	0.24811771880721	29
0.956833345349878	0.041303294576439	29
0.453334156190977	0.247822299021592	29
0.677570635452867	0.218468669424865	29
0.572633401956409	0.244724388920239	29
0.102924682665616	0.0923311923637985	29
0.899824970401824	0.090139993043181	29
0.24608773435466	0.18552856135485	29
0.0420595335308462	0.0402905291700139	29
0.327920719282702	0.220388721147817	29
0.954503649147227	0.043426432911854	29
0.889539316063747	0.0982591212405883	29
0.6928034061566	0.212826846574413	29
0.640506813768297	0.230257835284681	29
0.994269776623696	0.00569738791636154	29
0.655705799115822	0.225755704121703	29
0.708530468167737	0.206515043845744	29
0.544066024711356	0.248058185466138	29
0.59414202044718	0.241137279986123	29
0.28915973729454	0.205546383622293	29
0.287577520124614	0.204876690043591	30
0.788305135443807	0.166880148876728	30
0.4089769218117	0.241714799237127	30
0.883017404004931	0.103297668229323	30
0.940467284293845	0.0559885714668049	30
0.0455564993899316	0.0434811047532667	30
0.528105488047004	0.24921008154164	30
0.892419044394046	0.0960072935968637	30
0.551435014465824	0.247354439286901	30
0.456614735303447	0.24811771880721	30
0.956833345349878	0.041303294576439	30
0.453334156190977	0.247822299021592	30
0.677570635452867	0.218468669424865	30
0.572633401956409	0.244724388920239	30
0.102924682665616	0.0923311923637985	30
0.899824970401824	0.090139993043181	30
0.24608773435466	0.18552856135485	30
0.0420595335308462	0.0402905291700139	30
0.327920719282702	0.220388721147817	30
0.954503649147227	0.043426432911854	30
0.889539316063747	0.0982591212405883	30
0.6928034061566	0.212826846574413	30
0.640506813768297	0.230257835284681	30
0.994269776623696	0.00569738791636154	30
0.655705799115822	0.225755704121703	30
0.708530468167737	0.206515043845744	30
0.544066024711356	0.248058185466138	30
0.59414202044718	0.241137279986123	30
0.28915973729454	0.205546383622293	30
0.147113647311926	0.125471222086508	30
0.287577520124614	0.204876690043591	31
0.788305135443807	0.166880148876728	31
0.4089769218117	0.241714799237127	31
0.883017404004931	0.103297668229323	31
0.940467284293845	0.0559885714668049	31
0.0455564993899316	0.0434811047532667	31
0.528105488047004	0.24921008154164	31
0.892419044394046	0.0960072935968637	31
0.551435014465824	0.247354439286901	31
0.456614735303447	0.24811771880721	31
0.956833345349878	0.041303294576439	31
0.453334156190977	0.247822299021592	31
0.677570635452867	0.218468669424865	31
0.572633401956409	0.244724388920239	31
0.102924682665616	0.0923311923637985	31
0.899824970401824	0.090139993043181	31
0.24608773435466	0.18552856135485	31
0.0420595335308462	0.0402905291700139	31
0.327920719282702	0.220388721147817	31
0.954503649147227	0.043426432911854	31
0.889539316063747	0.0982591212405883	31
0.6928034061566	0.212826846574413	31
0.640506813768297	0.230257835284681	31
0.994269776623696	0.00569738791636154	31
0.655705799115822	0.225755704121703	31
0.708530468167737	0.206515043845744	31
0.544066024711356	0.248058185466138	31
0.59414202044718	0.241137279986123	31
0.28915973729454	0.205546383622293	31
0.147113647311926	0.125471222086508	31
0.963024232536554	0.0356085600839349	31
0.287577520124614	0.204876690043591	32
0.788305135443807	0.166880148876728	32
0.4089769218117	0.241714799237127	32
0.883017404004931	0.103297668229323	32
0.940467284293845	0.0559885714668049	32
0.0455564993899316	0.0434811047532667	32
0.528105488047004	0.24921008154164	32
0.892419044394046	0.0960072935968637	32
0.551435014465824	0.247354439286901	32
0.456614735303447	0.24811771880721	32
0.956833345349878	0.041303294576439	32
0.453334156190977	0.247822299021592	32
0.677570635452867	0.218468669424865	32
0.572633401956409	0.244724388920239	32
0.102924682665616	0.0923311923637985	32
0.899824970401824	0.090139993043181	32
0.24608773435466	0.18552856135485	32
0.0420595335308462	0.0402905291700139	32
0.327920719282702	0.220388721147817	32
0.954503649147227	0.043426432911854	32
0.889539316063747	0.0982591212405883	32
0.6928034061566	0.212826846574413	32
0.640506813768297	0.230257835284681	32
0.994269776623696	0.00569738791636154	32
0.655705799115822	0.225755704121703	32
0.708530468167737	0.206515043845744	32
0.544066024711356	0.248058185466138	32
0.59414202044718	0.241137279986123	32
0.28915973729454	0.205546383622293	32
0.147113647311926	0.125471222086508	32
0.963024232536554	0.0356085600839349	32
0.902299045119435	0.0881554782959911	32
0.287577520124614	0.204876690043591	33
0.788305135443807	0.166880148876728	33
0.4089769218117	0.241714799237127	33
0.883017404004931	0.103297668229323	33
0.940467284293845	0.0559885714668049	33
0.0455564993899316	0.0434811047532667	33
0.528105488047004	0.24921008154164	33
0.892419044394046	0.0960072935968637	33
0.551435014465824	0.247354439286901	33
0.456614735303447	0.24811771880721	33
0.956833345349878	0.041303294576439	33
0.453334156190977	0.247822299021592	33
0.677570635452867	0.218468669424865	33
0.572633401956409	0.244724388920239	33
0.102924682665616	0.0923311923637985	33
0.899824970401824	0.090139993043181	33
0.24608773435466	0.18552856135485	33
0.0420595335308462	0.0402905291700139	33
0.327920719282702	0.220388721147817	33
0.954503649147227	0.043426432911854	33
0.889539316063747	0.0982591212405883	33
0.6928034061566	0.212826846574413	33
0.640506813768297	0.230257835284681	33
0.994269776623696	0.00569738791636154	33
0.655705799115822	0.225755704121703	33
0.708530468167737	0.206515043845744	33
0.544066024711356	0.248058185466138	33
0.59414202044718	0.241137279986123	33
0.28915973729454	0.205546383622293	33
0.147113647311926	0.125471222086508	33
0.963024232536554	0.0356085600839349	33
0.902299045119435	0.0881554782959911	33
0.690705278422684	0.213631496781727	33
0.287577520124614	0.204876690043591	34
0.788305135443807	0.166880148876728	34
0.4089769218117	0.241714799237127	34
0.883017404004931	0.103297668229323	34
0.940467284293845	0.0559885714668049	34
0.0455564993899316	0.0434811047532667	34
0.528105488047004	0.24921008154164	34
0.892419044394046	0.0960072935968637	34
0.551435014465824	0.247354439286901	34
0.456614735303447	0.24811771880721	34
0.956833345349878	0.041303294576439	34
0.453334156190977	0.247822299021592	34
0.677570635452867	0.218468669424865	34
0.572633401956409	0.244724388920239	34
0.102924682665616	0.0923311923637985	34
0.899824970401824	0.090139993043181	34
0.24608773435466	0.18552856135485	34
0.0420595335308462	0.0402905291700139	34
0.327920719282702	0.220388721147817	34
0.954503649147227	0.043426432911854	34
0.889539316063747	0.0982591212405883	34
0.6928034061566	0.212826846574413	34
0.640506813768297	0.230257835284681	34
0.994269776623696	0.00569738791636154	34
0.655705799115822	0.225755704121703	34
0.708530468167737	0.206515043845744	34
0.544066024711356	0.248058185466138	34
0.59414202044718	0.241137279986123	34
0.28915973729454	0.205546383622293	34
0.147113647311926	0.125471222086508	34
0.963024232536554	0.0356085600839349	34
0.902299045119435	0.0881554782959911	34
0.690705278422684	0.213631496781727	34
0.795467417687178	0.162699005085271	34
0.287577520124614	0.204876690043591	35
0.788305135443807	0.166880148876728	35
0.4089769218117	0.241714799237127	35
0.883017404004931	0.103297668229323	35
0.940467284293845	0.0559885714668049	35
0.0455564993899316	0.0434811047532667	35
0.528105488047004	0.24921008154164	35
0.892419044394046	0.0960072935968637	35
0.551435014465824	0.247354439286901	35
0.456614735303447	0.24811771880721	35
0.956833345349878	0.041303294576439	35
0.453334156190977	0.247822299021592	35
0.677570635452867	0.218468669424865	35
0.572633401956409	0.244724388920239	35
0.102924682665616	0.0923311923637985	35
0.899824970401824	0.090139993043181	35
0.24608773435466	0.18552856135485	35
0.0420595335308462	0.0402905291700139	35
0.327920719282702	0.220388721147817	35
0.954503649147227	0.043426432911854	35
0.889539316063747	0.0982591212405883	35
0.6928034061566	0.212826846574413	35
0.640506813768297	0.230257835284681	35
0.994269776623696	0.00569738791636154	35
0.655705799115822	0.225755704121703	35
0.708530468167737	0.206515043845744	35
0.544066024711356	0.248058185466138	35
0.59414202044718	0.241137279986123	35
0.28915973729454	0.205546383622293	35
0.147113647311926	0.125471222086508	35
0.963024232536554	0.0356085600839349	35
0.902299045119435	0.0881554782959911	35
0.690705278422684	0.213631496781727	35
0.795467417687178	0.162699005085271	35
0.0246136845089495	0.0240078510438434	35
0.287577520124614	0.204876690043591	36
0.788305135443807	0.166880148876728	36
0.4089769218117	0.241714799237127	36
0.883017404004931	0.103297668229323	36
0.940467284293845	0.0559885714668049	36
0.0455564993899316	0.0434811047532667	36
0.528105488047004	0.24921008154164	36
0.892419044394046	0.0960072935968637	36
0.551435014465824	0.247354439286901	36
0.456614735303447	0.24811771880721	36
0.956833345349878	0.041303294576439	36
0.453334156190977	0.247822299021592	36
0.677570635452867	0.218468669424865	36
0.572633401956409	0.244724388920239	36
0.102924682665616	0.0923311923637985	36
0.899824970401824	0.090139993043181	36
0.24608773435466	0.18552856135485	36
0.0420595335308462	0.0402905291700139	36
0.327920719282702	0.220388721147817	36
0.954503649147227	0.043426432911854	36
0.889539316063747	0.0982591212405883	36
0.6928034061566	0.212826846574413	36
0.640506813768297	0.230257835284681	36
0.994269776623696	0.00569738791636154	36
0.655705799115822	0.225755704121703	36
0.708530468167737	0.206515043845744	36
0.544066024711356	0.248058185466138	36
0.59414202044718	0.241137279986123	36
0.28915973729454	0.205546383622293	36
0.147113647311926	0.125471222086508	36
0.963024232536554	0.0356085600839349	36
0.902299045119435	0.0881554782959911	36
0.690705278422684	0.213631496781727	36
0.795467417687178	0.162699005085271	36
0.0246136845089495	0.0240078510438434	36
0.477795971091837	0.249506981100245	36
0.287577520124614	0.204876690043591	37
0.788305135443807	0.166880148876728	37
0.4089769218117	0.241714799237127	37
0.883017404004931	0.103297668229323	37
0.940467284293845	0.0559885714668049	37
0.0455564993899316	0.0434811047532667	37
0.528105488047004	0.24921008154164	37
0.892419044394046	0.0960072935968637	37
0.551435014465824	0.247354439286901	37
0.456614735303447	0.24811771880721	37
0.956833345349878	0.041303294576439	37
0.453334156190977	0.247822299021592	37
0.677570635452867	0.218468669424865	37
0.572633401956409	0.244724388920239	37
0.102924682665616	0.0923311923637985	37
0.899824970401824	0.090139993043181	37
0.24608773435466	0.18552856135485	37
0.0420595335308462	0.0402905291700139	37
0.327920719282702	0.220388721147817	37
0.954503649147227	0.043426432911854	37
0.889539316063747	0.0982591212405883	37
0.6928034061566	0.212826846574413	37
0.640506813768297	0.230257835284681	37
0.994269776623696	0.00569738791636154	37
0.655705799115822	0.225755704121703	37
0.708530468167737	0.206515043845744	37
0.544066024711356	0.248058185466138	37
0.59414202044718	0.241137279986123	37
0.28915973729454	0.205546383622293	37
0.147113647311926	0.125471222086508	37
0.963024232536554	0.0356085600839349	37
0.902299045119435	0.0881554782959911	37
0.690705278422684	0.213631496781727	37
0.795467417687178	0.162699005085271	37
0.0246136845089495	0.0240078510438434	37
0.477795971091837	0.249506981100245	37
0.758459537522867	0.183198667463466	37
0.287577520124614	0.204876690043591	38
0.788305135443807	0.166880148876728	38
0.4089769218117	0.241714799237127	38
0.883017404004931	0.103297668229323	38
0.940467284293845	0.0559885714668049	38
0.0455564993899316	0.0434811047532667	38
0.528105488047004	0.24921008154164	38
0.892419044394046	0.0960072935968637	38
0.551435014465824	0.247354439286901	38
0.456614735303447	0.24811771880721	38
0.956833345349878	0.041303294576439	38
0.453334156190977	0.247822299021592	38
0.677570635452867	0.218468669424865	38
0.572633401956409	0.244724388920239	38
0.102924682665616	0.0923311923637985	38
0.899824970401824	0.090139993043181	38
0.24608773435466	0.18552856135485	38
0.0420595335308462	0.0402905291700139	38
0.327920719282702	0.220388721147817	38
0.954503649147227	0.043426432911854	38
0.889539316063747	0.0982591212405883	38
0.6928034061566	0.212826846574413	38
0.640506813768297	0.230257835284681	38
0.994269776623696	0.00569738791636154	38
0.655705799115822	0.225755704121703	38
0.708530468167737	0.206515043845744	38
0.544066024711356	0.248058185466138	38
0.59414202044718	0.241137279986123	38
0.28915973729454	0.205546383622293	38
0.147113647311926	0.125471222086508	38
0.963024232536554	0.0356085600839349	38
0.902299045119435	0.0881554782959911	38
0.690705278422684	0.213631496781727	38
0.795467417687178	0.162699005085271	38
0.0246136845089495	0.0240078510438434	38
0.477795971091837	0.249506981100245	38
0.758459537522867	0.183198667463466	38
0.216407935833558	0.169575541141817	38
0.287577520124614	0.204876690043591	39
0.788305135443807	0.166880148876728	39
0.4089769218117	0.241714799237127	39
0.883017404004931	0.103297668229323	39
0.940467284293845	0.0559885714668049	39
0.0455564993899316	0.0434811047532667	39
0.528105488047004	0.24921008154164	39
0.892419044394046	0.0960072935968637	39
0.551435014465824	0.247354439286901	39
0.456614735303447	0.24811771880721	39
0.956833345349878	0.041303294576439	39
0.453334156190977	0.247822299021592	39
0.677570635452867	0.218468669424865	39
0.572633401956409	0.244724388920239	39
0.102924682665616	0.0923311923637985	39
0.899824970401824	0.090139993043181	39
0.24608773435466	0.18552856135485	39
0.0420595335308462	0.0402905291700139	39
0.327920719282702	0.220388721147817	39
0.954503649147227	0.043426432911854	39
0.889539316063747	0.0982591212405883	39
0.6928034061566	0.212826846574413	39
0.640506813768297	0.230257835284681	39
0.994269776623696	0.00569738791636154	39
0.655705799115822	0.225755704121703	39
0.708530468167737	0.206515043845744	39
0.544066024711356	0.248058185466138	39
0.59414202044718	0.241137279986123	39
0.28915973729454	0.205546383622293	39
0.147113647311926	0.125471222086508	39
0.963024232536554	0.0356085600839349	39
0.902299045119435	0.0881554782959911	39
0.690705278422684	0.213631496781727	39
0.795467417687178	0.162699005085271	39
0.0246136845089495	0.0240078510438434	39
0.477795971091837	0.249506981100245	39
0.758459537522867	0.183198667463466	39
0.216407935833558	0.169575541141817	39
0.318181007634848	0.216941854015321	39
0.287577520124614	0.204876690043591	40
0.788305135443807	0.166880148876728	40
0.4089769218117	0.241714799237127	40
0.883017404004931	0.103297668229323	40
0.940467284293845	0.0559885714668049	40
0.0455564993899316	0.0434811047532667	40
0.528105488047004	0.24921008154164	40
0.892419044394046	0.0960072935968637	40
0.551435014465824	0.247354439286901	40
0.456614735303447	0.24811771880721	40
0.956833345349878	0.041303294576439	40
0.453334156190977	0.247822299021592	40
0.677570635452867	0.218468669424865	40
0.572633401956409	0.244724388920239	40
0.102924682665616	0.0923311923637985	40
0.899824970401824	0.090139993043181	40
0.24608773435466	0.18552856135485	40
0.0420595335308462	0.0402905291700139	40
0.327920719282702	0.220388721147817	40
0.954503649147227	0.043426432911854	40
0.889539316063747	0.0982591212405883	40
0.6928034061566	0.212826846574413	40
0.640506813768297	0.230257835284681	40
0.994269776623696	0.00569738791636154	40
0.655705799115822	0.225755704121703	40
0.708530468167737	0.206515043845744	40
0.544066024711356	0.248058185466138	40
0.59414202044718	0.241137279986123	40
0.28915973729454	0.205546383622293	40
0.147113647311926	0.125471222086508	40
0.963024232536554	0.0356085600839349	40
0.902299045119435	0.0881554782959911	40
0.690705278422684	0.213631496781727	40
0.795467417687178	0.162699005085271	40
0.0246136845089495	0.0240078510438434	40
0.477795971091837	0.249506981100245	40
0.758459537522867	0.183198667463466	40
0.216407935833558	0.169575541141817	40
0.318181007634848	0.216941854015321	40
0.231625785352662	0.177975280912425	40
0.287577520124614	0.204876690043591	41
0.788305135443807	0.166880148876728	41
0.4089769218117	0.241714799237127	41
0.883017404004931	0.103297668229323	41
0.940467284293845	0.0559885714668049	41
0.0455564993899316	0.0434811047532667	41
0.528105488047004	0.24921008154164	41
0.892419044394046	0.0960072935968637	41
0.551435014465824	0.247354439286901	41
0.456614735303447	0.24811771880721	41
0.956833345349878	0.041303294576439	41
0.453334156190977	0.247822299021592	41
0.677570635452867	0.218468669424865	41
0.572633401956409	0.244724388920239	41
0.102924682665616	0.0923311923637985	41
0.899824970401824	0.090139993043181	41
0.24608773435466	0.18552856135485	41
0.0420595335308462	0.0402905291700139	41
0.327920719282702	0.220388721147817	41
0.954503649147227	0.043426432911854	41
0.889539316063747	0.0982591212405883	41
0.6928034061566	0.212826846574413	41
0.640506813768297	0.230257835284681	41
0.994269776623696	0.00569738791636154	41
0.655705799115822	0.225755704121703	41
0.708530468167737	0.206515043845744	41
0.544066024711356	0.248058185466138	41
0.59414202044718	0.241137279986123	41
0.28915973729454	0.205546383622293	41
0.147113647311926	0.125471222086508	41
0.963024232536554	0.0356085600839349	41
0.902299045119435	0.0881554782959911	41
0.690705278422684	0.213631496781727	41
0.795467417687178	0.162699005085271	41
0.0246136845089495	0.0240078510438434	41
0.477795971091837	0.249506981100245	41
0.758459537522867	0.183198667463466	41
0.216407935833558	0.169575541141817	41
0.318181007634848	0.216941854015321	41
0.231625785352662	0.177975280912425	41
0.142800022382289	0.122408175989907	41
0.287577520124614	0.204876690043591	42
0.788305135443807	0.166880148876728	42
0.4089769218117	0.241714799237127	42
0.883017404004931	0.103297668229323	42
0.940467284293845	0.0559885714668049	42
0.0455564993899316	0.0434811047532667	42
0.528105488047004	0.24921008154164	42
0.892419044394046	0.0960072935968637	42
0.551435014465824	0.247354439286901	42
0.456614735303447	0.24811771880721	42
0.956833345349878	0.041303294576439	42
0.453334156190977	0.247822299021592	42
0.677570635452867	0.218468669424865	42
0.572633401956409	0.244724388920239	42
0.102924682665616	0.0923311923637985	42
0.899824970401824	0.090139993043181	42
0.24608773435466	0.18552856135485	42
0.0420595335308462	0.0402905291700139	42
0.327920719282702	0.220388721147817	42
0.954503649147227	0.043426432911854	42
0.889539316063747	0.0982591212405883	42
0.6928034061566	0.212826846574413	42
0.640506813768297	0.230257835284681	42
0.994269776623696	0.00569738791636154	42
0.655705799115822	0.225755704121703	42
0.708530468167737	0.206515043845744	42
0.544066024711356	0.248058185466138	42
0.59414202044718	0.241137279986123	42
0.28915973729454	0.205546383622293	42
0.147113647311926	0.125471222086508	42
0.963024232536554	0.0356085600839349	42
0.902299045119435	0.0881554782959911	42
0.690705278422684	0.213631496781727	42
0.795467417687178	0.162699005085271	42
0.0246136845089495	0.0240078510438434	42
0.477795971091837	0.249506981100245	42
0.758459537522867	0.183198667463466	42
0.216407935833558	0.169575541141817	42
0.318181007634848	0.216941854015321	42
0.231625785352662	0.177975280912425	42
0.142800022382289	0.122408175989907	42
0.414546335814521	0.242697671277275	42
0.287577520124614	0.204876690043591	43
0.788305135443807	0.166880148876728	43
0.4089769218117	0.241714799237127	43
0.883017404004931	0.103297668229323	43
0.940467284293845	0.0559885714668049	43
0.0455564993899316	0.0434811047532667	43
0.528105488047004	0.24921008154164	43
0.892419044394046	0.0960072935968637	43
0.551435014465824	0.247354439286901	43
0.456614735303447	0.24811771880721	43
0.956833345349878	0.041303294576439	43
0.453334156190977	0.247822299021592	43
0.677570635452867	0.218468669424865	43
0.572633401956409	0.244724388920239	43
0.102924682665616	0.0923311923637985	43
0.899824970401824	0.090139993043181	43
0.24608773435466	0.18552856135485	43
0.0420595335308462	0.0402905291700139	43
0.327920719282702	0.220388721147817	43
0.954503649147227	0.043426432911854	43
0.889539316063747	0.0982591212405883	43
0.6928034061566	0.212826846574413	43
0.640506813768297	0.230257835284681	43
0.994269776623696	0.00569738791636154	43
0.655705799115822	0.225755704121703	43
0.708530468167737	0.206515043845744	43
0.544066024711356	0.248058185466138	43
0.59414202044718	0.241137279986123	43
0.28915973729454	0.205546383622293	43
0.147113647311926	0.125471222086508	43
0.963024232536554	0.0356085600839349	43
0.902299045119435	0.0881554782959911	43
0.690705278422684	0.213631496781727	43
0.795467417687178	0.162699005085271	43
0.0246136845089495	0.0240078510438434	43
0.477795971091837	0.249506981100245	43
0.758459537522867	0.183198667463466	43
0.216407935833558	0.169575541141817	43
0.318181007634848	0.216941854015321	43
0.231625785352662	0.177975280912425	43
0.142800022382289	0.122408175989907	43
0.414546335814521	0.242697671277275	43
0.413724326295778	0.242556508126883	43
0.287577520124614	0.204876690043591	44
0.788305135443807	0.166880148876728	44
0.4089769218117	0.241714799237127	44
0.883017404004931	0.103297668229323	44
0.940467284293845	0.0559885714668049	44
0.0455564993899316	0.0434811047532667	44
0.528105488047004	0.24921008154164	44
0.892419044394046	0.0960072935968637	44
0.551435014465824	0.247354439286901	44
0.456614735303447	0.24811771880721	44
0.956833345349878	0.041303294576439	44
0.453334156190977	0.247822299021592	44
0.677570635452867	0.218468669424865	44
0.572633401956409	0.244724388920239	44
0.102924682665616	0.0923311923637985	44
0.899824970401824	0.090139993043181	44
0.24608773435466	0.18552856135485	44
0.0420595335308462	0.0402905291700139	44
0.327920719282702	0.220388721147817	44
0.954503649147227	0.043426432911854	44
0.889539316063747	0.0982591212405883	44
0.6928034061566	0.212826846574413	44
0.640506813768297	0.230257835284681	44
0.994269776623696	0.00569738791636154	44
0.655705799115822	0.225755704121703	44
0.708530468167737	0.206515043845744	44
0.544066024711356	0.248058185466138	44
0.59414202044718	0.241137279986123	44
0.28915973729454	0.205546383622293	44
0.147113647311926	0.125471222086508	44
0.963024232536554	0.0356085600839349	44
0.902299045119435	0.0881554782959911	44
0.690705278422684	0.213631496781727	44
0.795467417687178	0.162699005085271	44
0.0246136845089495	0.0240078510438434	44
0.477795971091837	0.249506981100245	44
0.758459537522867	0.183198667463466	44
0.216407935833558	0.169575541141817	44
0.318181007634848	0.216941854015321	44
0.231625785352662	0.177975280912425	44
0.142800022382289	0.122408175989907	44
0.414546335814521	0.242697671277275	44
0.413724326295778	0.242556508126883	44
0.368845450924709	0.232798484256857	44
0.287577520124614	0.204876690043591	45
0.788305135443807	0.166880148876728	45
0.4089769218117	0.241714799237127	45
0.883017404004931	0.103297668229323	45
0.940467284293845	0.0559885714668049	45
0.0455564993899316	0.0434811047532667	45
0.528105488047004	0.24921008154164	45
0.892419044394046	0.0960072935968637	45
0.551435014465824	0.247354439286901	45
0.456614735303447	0.24811771880721	45
0.956833345349878	0.041303294576439	45
0.453334156190977	0.247822299021592	45
0.677570635452867	0.218468669424865	45
0.572633401956409	0.244724388920239	45
0.102924682665616	0.0923311923637985	45
0.899824970401824	0.090139993043181	45
0.24608773435466	0.18552856135485	45
0.0420595335308462	0.0402905291700139	45
0.327920719282702	0.220388721147817	45
0.954503649147227	0.043426432911854	45
0.889539316063747	0.0982591212405883	45
0.6928034061566	0.212826846574413	45
0.640506813768297	0.230257835284681	45
0.994269776623696	0.00569738791636154	45
0.655705799115822	0.225755704121703	45
0.708530468167737	0.206515043845744	45
0.544066024711356	0.248058185466138	45
0.59414202044718	0.241137279986123	45
0.28915973729454	0.205546383622293	45
0.147113647311926	0.125471222086508	45
0.963024232536554	0.0356085600839349	45
0.902299045119435	0.0881554782959911	45
0.690705278422684	0.213631496781727	45
0.795467417687178	0.162699005085271	45
0.0246136845089495	0.0240078510438434	45
0.477795971091837	0.249506981100245	45
0.758459537522867	0.183198667463466	45
0.216407935833558	0.169575541141817	45
0.318181007634848	0.216941854015321	45
0.231625785352662	0.177975280912425	45
0.142800022382289	0.122408175989907	45
0.414546335814521	0.242697671277275	45
0.413724326295778	0.242556508126883	45
0.368845450924709	0.232798484256857	45
0.152444747742265	0.129205346628063	45
0.287577520124614	0.204876690043591	46
0.788305135443807	0.166880148876728	46
0.4089769218117	0.241714799237127	46
0.883017404004931	0.103297668229323	46
0.940467284293845	0.0559885714668049	46
0.0455564993899316	0.0434811047532667	46
0.528105488047004	0.24921008154164	46
0.892419044394046	0.0960072935968637	46
0.551435014465824	0.247354439286901	46
0.456614735303447	0.24811771880721	46
0.956833345349878	0.041303294576439	46
0.453334156190977	0.247822299021592	46
0.677570635452867	0.218468669424865	46
0.572633401956409	0.244724388920239	46
0.102924682665616	0.0923311923637985	46
0.899824970401824	0.090139993043181	46
0.24608773435466	0.18552856135485	46
0.0420595335308462	0.0402905291700139	46
0.327920719282702	0.220388721147817	46
0.954503649147227	0.043426432911854	46
0.889539316063747	0.0982591212405883	46
0.6928034061566	0.212826846574413	46
0.640506813768297	0.230257835284681	46
0.994269776623696	0.00569738791636154	46
0.655705799115822	0.225755704121703	46
0.708530468167737	0.206515043845744	46
0.544066024711356	0.248058185466138	46
0.59414202044718	0.241137279986123	46
0.28915973729454	0.205546383622293	46
0.147113647311926	0.125471222086508	46
0.963024232536554	0.0356085600839349	46
0.902299045119435	0.0881554782959911	46
0.690705278422684	0.213631496781727	46
0.795467417687178	0.162699005085271	46
0.0246136845089495	0.0240078510438434	46
0.477795971091837	0.249506981100245	46
0.758459537522867	0.183198667463466	46
0.216407935833558	0.169575541141817	46
0.318181007634848	0.216941854015321	46
0.231625785352662	0.177975280912425	46
0.142800022382289	0.122408175989907	46
0.414546335814521	0.242697671277275	46
0.413724326295778	0.242556508126883	46
0.368845450924709	0.232798484256857	46
0.152444747742265	0.129205346628063	46
0.13880606344901	0.1195389401988	46
0.287577520124614	0.204876690043591	47
0.788305135443807	0.166880148876728	47
0.4089769218117	0.241714799237127	47
0.883017404004931	0.103297668229323	47
0.940467284293845	0.0559885714668049	47
0.0455564993899316	0.0434811047532667	47
0.528105488047004	0.24921008154164	47
0.892419044394046	0.0960072935968637	47
0.551435014465824	0.247354439286901	47
0.456614735303447	0.24811771880721	47
0.956833345349878	0.041303294576439	47
0.453334156190977	0.247822299021592	47
0.677570635452867	0.218468669424865	47
0.572633401956409	0.244724388920239	47
0.102924682665616	0.0923311923637985	47
0.899824970401824	0.090139993043181	47
0.24608773435466	0.18552856135485	47
0.0420595335308462	0.0402905291700139	47
0.327920719282702	0.220388721147817	47
0.954503649147227	0.043426432911854	47
0.889539316063747	0.0982591212405883	47
0.6928034061566	0.212826846574413	47
0.640506813768297	0.230257835284681	47
0.994269776623696	0.00569738791636154	47
0.655705799115822	0.225755704121703	47
0.708530468167737	0.206515043845744	47
0.544066024711356	0.248058185466138	47
0.59414202044718	0.241137279986123	47
0.28915973729454	0.205546383622293	47
0.147113647311926	0.125471222086508	47
0.963024232536554	0.0356085600839349	47
0.902299045119435	0.0881554782959911	47
0.690705278422684	0.213631496781727	47
0.795467417687178	0.162699005085271	47
0.0246136845089495	0.0240078510438434	47
0.477795971091837	0.249506981100245	47
0.758459537522867	0.183198667463466	47
0.216407935833558	0.169575541141817	47
0.318181007634848	0.216941854015321	47
0.231625785352662	0.177975280912425	47
0.142800022382289	0.122408175989907	47
0.414546335814521	0.242697671277275	47
0.413724326295778	0.242556508126883	47
0.368845450924709	0.232798484256857	47
0.152444747742265	0.129205346628063	47
0.13880606344901	0.1195389401988	47
0.233034099452198	0.178729207944701	47
0.287577520124614	0.204876690043591	48
0.788305135443807	0.166880148876728	48
0.4089769218117	0.241714799237127	48
0.883017404004931	0.103297668229323	48
0.940467284293845	0.0559885714668049	48
0.0455564993899316	0.0434811047532667	48
0.528105488047004	0.24921008154164	48
0.892419044394046	0.0960072935968637	48
0.551435014465824	0.247354439286901	48
0.456614735303447	0.24811771880721	48
0.956833345349878	0.041303294576439	48
0.453334156190977	0.247822299021592	48
0.677570635452867	0.218468669424865	48
0.572633401956409	0.244724388920239	48
0.102924682665616	0.0923311923637985	48
0.899824970401824	0.090139993043181	48
0.24608773435466	0.18552856135485	48
0.0420595335308462	0.0402905291700139	48
0.327920719282702	0.220388721147817	48
0.954503649147227	0.043426432911854	48
0.889539316063747	0.0982591212405883	48
0.6928034061566	0.212826846574413	48
0.640506813768297	0.230257835284681	48
0.994269776623696	0.00569738791636154	48
0.655705799115822	0.225755704121703	48
0.708530468167737	0.206515043845744	48
0.544066024711356	0.248058185466138	48
0.59414202044718	0.241137279986123	48
0.28915973729454	0.205546383622293	48
0.147113647311926	0.125471222086508	48
0.963024232536554	0.0356085600839349	48
0.902299045119435	0.0881554782959911	48
0.690705278422684	0.213631496781727	48
0.795467417687178	0.162699005085271	48
0.0246136845089495	0.0240078510438434	48
0.477795971091837	0.249506981100245	48
0.758459537522867	0.183198667463466	48
0.216407935833558	0.169575541141817	48
0.318181007634848	0.216941854015321	48
0.231625785352662	0.177975280912425	48
0.142800022382289	0.122408175989907	48
0.414546335814521	0.242697671277275	48
0.413724326295778	0.242556508126883	48
0.368845450924709	0.232798484256857	48
0.152444747742265	0.129205346628063	48
0.13880606344901	0.1195389401988	48
0.233034099452198	0.178729207944701	48
0.465962450252846	0.24884144520721	48
0.287577520124614	0.204876690043591	49
0.788305135443807	0.166880148876728	49
0.4089769218117	0.241714799237127	49
0.883017404004931	0.103297668229323	49
0.940467284293845	0.0559885714668049	49
0.0455564993899316	0.0434811047532667	49
0.528105488047004	0.24921008154164	49
0.892419044394046	0.0960072935968637	49
0.551435014465824	0.247354439286901	49
0.456614735303447	0.24811771880721	49
0.956833345349878	0.041303294576439	49
0.453334156190977	0.247822299021592	49
0.677570635452867	0.218468669424865	49
0.572633401956409	0.244724388920239	49
0.102924682665616	0.0923311923637985	49
0.899824970401824	0.090139993043181	49
0.24608773435466	0.18552856135485	49
0.0420595335308462	0.0402905291700139	49
0.327920719282702	0.220388721147817	49
0.954503649147227	0.043426432911854	49
0.889539316063747	0.0982591212405883	49
0.6928034061566	0.212826846574413	49
0.640506813768297	0.230257835284681	49
0.994269776623696	0.00569738791636154	49
0.655705799115822	0.225755704121703	49
0.708530468167737	0.206515043845744	49
0.544066024711356	0.248058185466138	49
0.59414202044718	0.241137279986123	49
0.28915973729454	0.205546383622293	49
0.147113647311926	0.125471222086508	49
0.963024232536554	0.0356085600839349	49
0.902299045119435	0.0881554782959911	49
0.690705278422684	0.213631496781727	49
0.795467417687178	0.162699005085271	49
0.0246136845089495	0.0240078510438434	49
0.477795971091837	0.249506981100245	49
0.758459537522867	0.183198667463466	49
0.216407935833558	0.169575541141817	49
0.318181007634848	0.216941854015321	49
0.231625785352662	0.177975280912425	49
0.142800022382289	0.122408175989907	49
0.414546335814521	0.242697671277275	49
0.413724326295778	0.242556508126883	49
0.368845450924709	0.232798484256857	49
0.152444747742265	0.129205346628063	49
0.13880606344901	0.1195389401988	49
0.233034099452198	0.178729207944701	49
0.465962450252846	0.24884144520721	49
0.265972640365362	0.19523119494244	49
0.287577520124614	0.204876690043591	50
0.788305135443807	0.166880148876728	50
0.4089769218117	0.241714799237127	50
0.883017404004931	0.103297668229323	50
0.940467284293845	0.0559885714668049	50
0.0455564993899316	0.0434811047532667	50
0.528105488047004	0.24921008154164	50
0.892419044394046	0.0960072935968637	50
0.551435014465824	0.247354439286901	50
0.456614735303447	0.24811771880721	50
0.956833345349878	0.041303294576439	50
0.453334156190977	0.247822299021592	50
0.677570635452867	0.218468669424865	50
0.572633401956409	0.244724388920239	50
0.102924682665616	0.0923311923637985	50
0.899824970401824	0.090139993043181	50
0.24608773435466	0.18552856135485	50
0.0420595335308462	0.0402905291700139	50
0.327920719282702	0.220388721147817	50
0.954503649147227	0.043426432911854	50
0.889539316063747	0.0982591212405883	50
0.6928034061566	0.212826846574413	50
0.640506813768297	0.230257835284681	50
0.994269776623696	0.00569738791636154	50
0.655705799115822	0.225755704121703	50
0.708530468167737	0.206515043845744	50
0.544066024711356	0.248058185466138	50
0.59414202044718	0.241137279986123	50
0.28915973729454	0.205546383622293	50
0.147113647311926	0.125471222086508	50
0.963024232536554	0.0356085600839349	50
0.902299045119435	0.0881554782959911	50
0.690705278422684	0.213631496781727	50
0.795467417687178	0.162699005085271	50
0.0246136845089495	0.0240078510438434	50
0.477795971091837	0.249506981100245	50
0.758459537522867	0.183198667463466	50
0.216407935833558	0.169575541141817	50
0.318181007634848	0.216941854015321	50
0.231625785352662	0.177975280912425	50
0.142800022382289	0.122408175989907	50
0.414546335814521	0.242697671277275	50
0.413724326295778	0.242556508126883	50
0.368845450924709	0.232798484256857	50
0.152444747742265	0.129205346628063	50
0.13880606344901	0.1195389401988	50
0.233034099452198	0.178729207944701	50
0.465962450252846	0.24884144520721	50
0.265972640365362	0.19523119494244	50
0.857827715342864	0.121959326132506	50
